"Title","Content","Source"
"Invensis: Global Business Process Outsourcing BPO Company","We assist you with your road map and growth initiative needs, equip you with the latest technology, suggest holistic solutions and provide a high level of ...","https://www.invensis.net/"
"Invensis | LinkedIn","Invensis is a trusted partner for clients ranging from Fortune 500 companies including Philips, Trend West, 3E and GRM, to a host of other high profile small ...","https://www.linkedin.com/company/invensis"
"Careers | Invensis Technologies","Working with Invensis provides you the opportunity to work in a dynamic business environment, for clients located around the world.","https://www.invensis.net/careers"
"Working at Invensis Technologies: Culture, Careers, Benefits, Jobs ...","Invensis Technologies is a leading IT-BPO service provider has been empowering clients around the world to achieve business transformation and growth.","https://www.ambitionbox.com/overview/invensis-technologies-pvt-overview"
"Job Vacancies In Bangalore | Invensis Technologies","Careers. Working with Invensis provides you the opportunity to work in a dynamic business environment, for clients located around the world. Our employees are ...","https://www.invensis.net/job-city/bangalore"
"Working at Invensis Technologies Pvt | Glassdoor","www.invensis.net/ · Bengaluru, India · 1001 to 5000 Employees · 1 Location · Type: Company - Private · Founded in 2000 · Revenue: Unknown / Non-Applicable · Education ...","https://www.glassdoor.co.in/Overview/Working-at-Invensis-Technologies-Pvt-EI_IE519401.11,36.htm"
"Contact us | Invensis Technologies","India- Invensis Technologies (P) Ltd. #1321, Sarakki Extension 15th Cross, 100 Feet Ring Road, JP Nagar 2nd Phase, Marenahalli, Bangalore - 560 078. Linked ...","https://www.invensis.net/contact-us"
"Vara Prasad Rongala - Invensis Technologies Pvt Ltd | LinkedIn","Vara Prasad Rongala · View mutual connections with Vara Prasad · Welcome back · About · Experience · Education · Languages · Recommendations received · Websites.","https://in.linkedin.com/in/vara-prasad-rongala-16bab35"
"INVENSIS TECHNOLOGIES PRIVATE LIMITED | Investors ...","Jul 7, 2024 ... Invensis Technologies Private Limited is a Private company incorporated on 03 October 2000. It is classified as Non-government company and is registered at ...","https://www.zaubacorp.com/company/INVENSIS-TECHNOLOGIES-PRIVATE-LIMITED/U72200KA2000PTC027886"
"Invensys is now Schneider Electric - Schneider Electric | Schneider ...","... technologies that optimise their operational performance and profitability. From oil refineries and power stations to mining companies and appliance ...","https://www.se.com/ww/en/brands/invensys/invensys.jsp"
"Invensis Technologies Pvt Ltd in Basavanagudi,Bangalore - Best ...","Invensis Technologies Pvt Ltd in Basavanagudi,Bangalore. Top BPO For Call Centre Services in Bangalore. Rated 3.4 based on 462 Customer Reviews and Ratings ...","https://www.justdial.com/Bangalore/Invensis-Technologies-Pvt-Ltd-Opposite-to-Vijaya-College-Basavanagudi/080P4001418_BZDET"
"Invensis Technologies Careers and Employment | Indeed.com","... Invensis Technologies is the best company for you ... Process Associate in Bangalore, Karnataka. 3.0. on April 5, 2023. Strict work ...","https://in.indeed.com/cmp/Invensis-Technologies"
"Invensis Technologies Pvt Ltd jobs","AR Callers - US Medical Billing. Invensis rating-star 3.8. company-location Bengaluru. company-experience 3-6 Yrs. company-ctc 3-4.5 Lacs PA. AR Calling · AR ...","https://www.naukri.com/invensis-technologies-pvt-ltd-jobs"
"1,000 Invensis Technologies,accounts Job Vacancies in JP NAGAR ...","Search results · Associate-Accounts Payables (P2P). Tesco. Bengaluru, Karnataka · Accounts Payable Executive. Giva. JP Nagar, Bengaluru, Karnataka · Accounts ...","https://in.indeed.com/q-invensis-technologies,accounts-l-jp-nagar-1st-phase,-karnataka-jobs.html"
"Invensis Technologies","Invensis Technologies, Rajahmundry. 571 likes · 1 talking about this ... Started in 2000, Bangalore-based Invensis is a BPO which works for clients ...","https://www.facebook.com/p/Invensis-Technologies-100054639510488/"
"Working at Invensis Technologies: Employee Reviews | Indeed.com","May 15, 2023 ... work environment · Software Engineer (Current Employee) - Bangalore, Karnataka - April 6, 2020. To build ...","https://in.indeed.com/cmp/Invensis-Technologies/reviews"
"Invensis Technologies - Overview, News & Similar companies ...","Founded in 2000 and headquartered in Bangalore, India, Invensis Technologies Pvt Ltd is a company that provides several business services.","https://www.zoominfo.com/c/invensis-learning/346684124"
"Invensis Technologies Pvt Office Photos","... Invensis Technologies Pvt office photos. A free inside look at Invensis Technologies Pvt offices and culture posted anonymously by employees ... Bangalore Rural ( ...","https://www.glassdoor.com/Photos/Invensis-Technologies-Pvt-Office-Photos-E519401.htm"
"Invensis Technologies - SI Team - SiliconIndia Magazine","Oct 2, 2012 ... Invensis is a one stop solutions provider, offering industry specific services across a wide range of business verticals. Over the years, ...","https://www.siliconindia.com/magazine_articles/invensis-technologies-QSTJ257915801.html"
"INVENSIS TECHNOLOGIES PRIVATE LIMITED - IndiaFilings","It is classified as Non-govt company and is registered at RoC-Bangalore. There are 6 promoter(s) of the company viz.VARAPRASAD RONGALA, SOBHARANI RONGALA, ...","https://www.indiafilings.com/search/invensis-technologies-private-limited-cin-U72200KA2000PTC027886"
"Invensis Technologies Pvt Jobs in India | Invensis Technologies Pvt ...","We have been operating since 2000 with an office in Wilmington, DE, USA, and delivery centers in Bangalore, Hyderabad and Rajahmundry, India. Read more. Company ...","https://cutshort.io/company/invensis-technologies-pvt-28-2WLfnogQ"
"Invensis | LinkedIn","Invensis. Conseil en externalisation et délocalisation. Bangalore, Karnataka 11 417 abonnés. Over 22 Years of Proven Legacy in Business Process Transformation ...","https://fr.linkedin.com/company/invensis?trk=public_profile_experience-item_profile-section-card_subtitle-click"
"Invensis - Company Profile - Tracxn","Oct 11, 2024 ... ... Technologies, Invensis. lock Get curated news about company updates ... Invensis is located in Bengaluru, India. What is the annual ...","https://tracxn.com/d/companies/invensis/__tEbVxUDoqJBAbtmGQ5d8MvdeWv-mQqmpARqOUwbaDQY"
"Invensis Technologies Pvt Ltd - Overview, CEO, Products, Business","... bengaluru; bangalore; karnataka; 560078; india. Try the Contact Finder Tool. Free trial for 5 contacts. No Credit Card Required. One Click Signup. SIGN UP ...","https://www.easyleadz.com/company/invensis-technologies"
"INVENSIS TECHNOLOGIES PRIVATE LIMITED","INVENSIS TECHNOLOGIES PRIVATE LIMITED is a Private incorporated on 03-10-2000. It is classified as a Non-govt company and is registered at RoC-Bangalore.","https://cleartax.in/f/company/invensis-technologies-private-limited/U72200KA2000PTC027886"
"Inside Sales Executive job at Invensis Technologies - Instahyre","Invensis Technologies is looking for a Inside Sales Executive in Bangalore with 0-1 years of experience in Sales / Business Development, ...","https://www.instahyre.com/job-342383-inside-sales-executive-at-invensis-technologies-bangalore/"
"Digital Marketing head - Invensis technologies - bangalore | Vasitum","Invensis technologies. Posted By : partha sarathy. Apply Now. Skills. Digital marketing strategy. Continuous Improvement. Adaptability & Resilience. Strategic ...","https://vasitum.com/view/job/6722188db23d232b1964c498?timeAscent=true"
"Invensys - Wikipedia","Invensys Limited was a multinational engineering and information technology company headquartered in London, United Kingdom. At its height, the company had ...","https://en.wikipedia.org/wiki/Invensys"
"Invensis's Competitors, Revenue, Number of Employees, Funding ...","Invensis was founded in 2000. Invensis' headquarters is located in Inn Bangalore, Karnataka, IN 560 004. Invensis' CEO, Anupa Rongala, c... See more ...","https://www.owler.com/company/invensis"
"Invensis | Reviews, Clients, Pricing, Services Overview","Invensis Technologies Pvt. Ltd. was founded in 2000 in Bangalore, Karnataka, India. It strives to understand the business dynamics of each client before ...","https://leadgen.cience.com/invensis"
"Invensis Technologies Pvt. Ltd.","Ltd. 34/1, Upkar Chambers, R.V. Road Opposite Vijaya College, Bangalore, Karnataka 560004.","https://www.instagram.com/explore/locations/603973653146220/invensis-technologies-pvt-ltd/"
"Advantages of Outsourcing Software Testing Services to Invensis ...","www.invensis.net | sales@invensis ... Invensis Technologies Pvt. Ltd., 34/1 Upkar Chambers, R.V. Road Bangalore â&amp;#x20AC;&amp;#x201C; 560004 Karnataka, India.","https://issuu.com/invensislearning/docs/invensis_technologies_software_test"
"INVENSIS TECHNOLOGIES PRIVATE LIMITED | Tofler | Company ...","Invensis Technologies Private Limited, is an unlisted private company incorporated on 03 October, 2000. It is classified as a private limited company and is ...","https://www.tofler.in/invensis-technologies-private-limited/company/U72200KA2000PTC027886"
"Invensis (@Invensis) / X","Invensis is a global Business Process Outsourcing company that provides end-to-end back office solutions to allow clients to focus on their core competencies.","https://twitter.com/invensis"
"Invensis Technologies Pvt Ltd (InvensisTechnologies) - Profile ...","Invensis Technologies Pvt Ltd | We are a dynamic and innovative company providing a wide range of business process outsourcing (BPO) services.","https://in.pinterest.com/invensistechnologies/"
"Digital Marketing head Job at Invensis technologies in Bangalore ...","8 days ago ... Job Title: Digital Marketing Head Location: JP Nagar, Bengaluru, Karnataka Company: Invensis Technologies.","https://timesascent.com/new-jobs/oct-24/digital-marketing-head/invensis-technologies/bangalore-karnataka-india/6722188db23d232b1964c498"
"Invensis Inc | Outsource Accelerator","Feb 1, 2024 ... It is also a Business Process Outsourcing (BPO) services provider headquartered in Bangalore, Karnataka, India. ... Invensis-Technologies-Pvt- ...","https://www.outsourceaccelerator.com/company/invensis-inc/"
"Document Process Automation Solutions - Invensis Technologies ...","Jun 29, 2014 ... WWW.INVENSIS.NET | contact@invensis.net THANK YOU Invensis Technologies ( ... 34/1 Upkar Chambers, R.V. Road Bangalore – 560004. India Phone: US + ...","https://www.slideshare.net/invensis/document-process-automation-invensis-technologies-36453829"
"Invensis Learning | LinkedIn","Bangalore, Karnataka · Edstellar. Weiterbildung und Coaching. Bengaluru South, Karnataka · Trupp Global Technologies Pvt Ltd. Outsourcing & Offshoring.","https://de.linkedin.com/company/invensis-learning?trk=ppro_cprof"
"Supply Chain Analytics | A Free Webinar for Beginners ...","Aug 16, 2024 ... ... technologies such as Data Science, Data Analytics, Generative AI ... Bangalore / Data Analytics Course in Bangalore: https://maps.app ...","https://www.youtube.com/watch?v=9xrvQNAU0L8"